symbol,date,rating,ratingScore,ratingRecommendation,ratingDetailsDCFScore,ratingDetailsDCFRecommendation,ratingDetailsROEScore,ratingDetailsROERecommendation,ratingDetailsROAScore,ratingDetailsROARecommendation,ratingDetailsDEScore,ratingDetailsDERecommendation,ratingDetailsPEScore,ratingDetailsPERecommendation,ratingDetailsPBScore,ratingDetailsPBRecommendation
TKO,2026-01-02,B-,2,Sell,4,Buy,3,Neutral,3,Neutral,2,Sell,1,Strong Sell,1,Strong Sell
TKO,2025-12-31,B-,2,Sell,4,Buy,3,Neutral,3,Neutral,2,Sell,1,Strong Sell,1,Strong Sell
TKO,2025-12-30,B-,2,Sell,4,Buy,3,Neutral,3,Neutral,2,Sell,1,Strong Sell,1,Strong Sell
TKO,2025-12-29,B-,2,Sell,4,Buy,3,Neutral,3,Neutral,2,Sell,1,Strong Sell,1,Strong Sell
TKO,2025-12-26,B-,2,Sell,4,Buy,3,Neutral,3,Neutral,2,Sell,1,Strong Sell,1,Strong Sell
TKO,2025-12-24,B-,2,Sell,4,Buy,3,Neutral,3,Neutral,2,Sell,1,Strong Sell,1,Strong Sell
TKO,2025-12-23,B-,2,Sell,4,Buy,3,Neutral,3,Neutral,2,Sell,1,Strong Sell,1,Strong Sell
TKO,2025-12-22,B-,2,Sell,4,Buy,3,Neutral,3,Neutral,2,Sell,1,Strong Sell,1,Strong Sell
TKO,2025-12-19,B-,2,Sell,4,Buy,3,Neutral,3,Neutral,2,Sell,1,Strong Sell,1,Strong Sell
TKO,2025-12-18,B-,2,Sell,4,Buy,3,Neutral,3,Neutral,2,Sell,1,Strong Sell,1,Strong Sell
TKO,2025-12-17,B-,2,Sell,4,Buy,3,Neutral,3,Neutral,2,Sell,1,Strong Sell,1,Strong Sell
TKO,2025-12-16,B-,2,Sell,4,Buy,3,Neutral,3,Neutral,2,Sell,1,Strong Sell,1,Strong Sell
TKO,2025-12-15,B-,2,Sell,4,Buy,3,Neutral,3,Neutral,2,Sell,1,Strong Sell,1,Strong Sell
TKO,2025-12-12,B-,2,Sell,4,Buy,3,Neutral,3,Neutral,2,Sell,1,Strong Sell,1,Strong Sell
TKO,2025-12-11,B,3,Neutral,5,Strong Buy,3,Neutral,4,Buy,1,Strong Sell,1,Strong Sell,2,Sell
TKO,2025-12-10,B,3,Neutral,5,Strong Buy,3,Neutral,4,Buy,1,Strong Sell,1,Strong Sell,2,Sell
TKO,2025-12-09,B,3,Neutral,5,Strong Buy,3,Neutral,4,Buy,1,Strong Sell,1,Strong Sell,2,Sell
TKO,2025-12-08,B,3,Neutral,5,Strong Buy,3,Neutral,4,Buy,1,Strong Sell,1,Strong Sell,2,Sell
TKO,2025-12-05,B,3,Neutral,5,Strong Buy,3,Neutral,4,Buy,1,Strong Sell,1,Strong Sell,2,Sell
TKO,2025-12-04,B,3,Neutral,5,Strong Buy,3,Neutral,4,Buy,1,Strong Sell,1,Strong Sell,2,Sell
TKO,2025-12-03,B,3,Neutral,5,Strong Buy,3,Neutral,4,Buy,2,Sell,1,Strong Sell,1,Strong Sell
TKO,2025-12-02,B,3,Neutral,5,Strong Buy,3,Neutral,4,Buy,2,Sell,1,Strong Sell,1,Strong Sell
TKO,2025-12-01,B,3,Neutral,5,Strong Buy,3,Neutral,4,Buy,2,Sell,1,Strong Sell,1,Strong Sell
TKO,2025-11-28,B,3,Neutral,5,Strong Buy,3,Neutral,4,Buy,2,Sell,1,Strong Sell,1,Strong Sell
TKO,2025-11-26,B-,3,Neutral,5,Strong Buy,3,Neutral,4,Buy,1,Strong Sell,1,Strong Sell,1,Strong Sell
TKO,2025-11-25,B-,3,Neutral,5,Strong Buy,3,Neutral,4,Buy,1,Strong Sell,1,Strong Sell,1,Strong Sell
TKO,2025-11-24,B-,3,Neutral,5,Strong Buy,3,Neutral,4,Buy,1,Strong Sell,1,Strong Sell,1,Strong Sell
TKO,2025-11-21,B-,3,Neutral,5,Strong Buy,3,Neutral,4,Buy,1,Strong Sell,1,Strong Sell,1,Strong Sell
TKO,2025-11-20,B-,3,Neutral,5,Strong Buy,3,Neutral,4,Buy,1,Strong Sell,1,Strong Sell,1,Strong Sell
TKO,2025-11-19,B-,3,Neutral,5,Strong Buy,3,Neutral,4,Buy,1,Strong Sell,1,Strong Sell,1,Strong Sell
TKO,2025-11-18,B-,3,Neutral,5,Strong Buy,3,Neutral,4,Buy,1,Strong Sell,1,Strong Sell,1,Strong Sell
TKO,2025-11-17,B-,3,Neutral,5,Strong Buy,3,Neutral,4,Buy,1,Strong Sell,1,Strong Sell,1,Strong Sell
TKO,2025-11-14,B-,3,Neutral,5,Strong Buy,3,Neutral,4,Buy,1,Strong Sell,1,Strong Sell,1,Strong Sell
TKO,2025-11-13,B-,3,Neutral,5,Strong Buy,3,Neutral,4,Buy,1,Strong Sell,1,Strong Sell,1,Strong Sell
TKO,2025-11-12,B-,3,Neutral,5,Strong Buy,3,Neutral,4,Buy,1,Strong Sell,1,Strong Sell,1,Strong Sell
TKO,2025-11-11,B-,3,Neutral,5,Strong Buy,3,Neutral,4,Buy,1,Strong Sell,1,Strong Sell,1,Strong Sell
TKO,2025-11-10,B-,3,Neutral,5,Strong Buy,3,Neutral,4,Buy,1,Strong Sell,1,Strong Sell,1,Strong Sell
TKO,2025-11-07,B-,3,Neutral,5,Strong Buy,3,Neutral,4,Buy,1,Strong Sell,1,Strong Sell,1,Strong Sell
TKO,2025-11-06,B,3,Neutral,5,Strong Buy,3,Neutral,4,Buy,2,Sell,1,Strong Sell,2,Sell
TKO,2025-11-05,B,3,Neutral,5,Strong Buy,3,Neutral,4,Buy,2,Sell,1,Strong Sell,2,Sell
TKO,2025-11-04,B,3,Neutral,5,Strong Buy,3,Neutral,4,Buy,2,Sell,1,Strong Sell,2,Sell
TKO,2025-11-03,B,3,Neutral,5,Strong Buy,3,Neutral,4,Buy,1,Strong Sell,1,Strong Sell,2,Sell
TKO,2025-10-31,B,3,Neutral,5,Strong Buy,3,Neutral,4,Buy,1,Strong Sell,1,Strong Sell,2,Sell
TKO,2025-10-30,B,3,Neutral,5,Strong Buy,3,Neutral,4,Buy,1,Strong Sell,1,Strong Sell,2,Sell
TKO,2025-10-28,B,3,Neutral,5,Strong Buy,3,Neutral,4,Buy,1,Strong Sell,1,Strong Sell,2,Sell
TKO,2025-10-27,B,3,Neutral,5,Strong Buy,3,Neutral,4,Buy,1,Strong Sell,1,Strong Sell,2,Sell
TKO,2025-10-24,B,3,Neutral,5,Strong Buy,3,Neutral,4,Buy,1,Strong Sell,1,Strong Sell,2,Sell
TKO,2025-10-23,B,3,Neutral,5,Strong Buy,3,Neutral,4,Buy,1,Strong Sell,1,Strong Sell,2,Sell
TKO,2025-10-22,B,3,Neutral,5,Strong Buy,3,Neutral,4,Buy,1,Strong Sell,1,Strong Sell,2,Sell
TKO,2025-10-21,B,3,Neutral,5,Strong Buy,3,Neutral,4,Buy,1,Strong Sell,1,Strong Sell,2,Sell
TKO,2025-10-20,B,3,Neutral,5,Strong Buy,3,Neutral,4,Buy,1,Strong Sell,1,Strong Sell,2,Sell
TKO,2025-10-17,B,3,Neutral,5,Strong Buy,3,Neutral,4,Buy,1,Strong Sell,1,Strong Sell,2,Sell
TKO,2025-10-16,B,3,Neutral,5,Strong Buy,3,Neutral,4,Buy,1,Strong Sell,1,Strong Sell,2,Sell
TKO,2025-10-15,B,3,Neutral,5,Strong Buy,3,Neutral,4,Buy,1,Strong Sell,1,Strong Sell,2,Sell
TKO,2025-10-14,B,3,Neutral,5,Strong Buy,3,Neutral,4,Buy,1,Strong Sell,1,Strong Sell,2,Sell
TKO,2025-10-13,B,3,Neutral,5,Strong Buy,3,Neutral,4,Buy,1,Strong Sell,1,Strong Sell,2,Sell
TKO,2025-10-10,B,3,Neutral,5,Strong Buy,3,Neutral,4,Buy,1,Strong Sell,1,Strong Sell,2,Sell
TKO,2025-10-09,B,3,Neutral,5,Strong Buy,3,Neutral,4,Buy,1,Strong Sell,1,Strong Sell,2,Sell
TKO,2025-10-08,B,3,Neutral,5,Strong Buy,3,Neutral,4,Buy,1,Strong Sell,1,Strong Sell,2,Sell
TKO,2025-10-07,B,3,Neutral,5,Strong Buy,3,Neutral,4,Buy,1,Strong Sell,1,Strong Sell,2,Sell
TKO,2025-10-06,B,3,Neutral,5,Strong Buy,3,Neutral,4,Buy,1,Strong Sell,1,Strong Sell,2,Sell
TKO,2025-10-03,B,3,Neutral,5,Strong Buy,3,Neutral,4,Buy,1,Strong Sell,1,Strong Sell,2,Sell
TKO,2025-10-02,B,3,Neutral,5,Strong Buy,3,Neutral,4,Buy,1,Strong Sell,1,Strong Sell,2,Sell
TKO,2025-10-01,B,3,Neutral,5,Strong Buy,3,Neutral,4,Buy,1,Strong Sell,1,Strong Sell,2,Sell
TKO,2025-09-30,B,3,Neutral,5,Strong Buy,3,Neutral,3,Neutral,2,Sell,1,Strong Sell,2,Sell
TKO,2025-09-29,B,3,Neutral,5,Strong Buy,3,Neutral,3,Neutral,2,Sell,1,Strong Sell,2,Sell
TKO,2025-09-26,B,3,Neutral,5,Strong Buy,3,Neutral,3,Neutral,2,Sell,1,Strong Sell,2,Sell
TKO,2025-09-25,B,3,Neutral,5,Strong Buy,3,Neutral,3,Neutral,2,Sell,1,Strong Sell,2,Sell
TKO,2025-09-24,B,3,Neutral,5,Strong Buy,3,Neutral,3,Neutral,2,Sell,1,Strong Sell,2,Sell
TKO,2025-09-23,B,3,Neutral,5,Strong Buy,3,Neutral,3,Neutral,2,Sell,1,Strong Sell,2,Sell
TKO,2025-09-22,B,3,Neutral,5,Strong Buy,3,Neutral,3,Neutral,2,Sell,1,Strong Sell,2,Sell
TKO,2025-09-19,B,3,Neutral,5,Strong Buy,3,Neutral,3,Neutral,2,Sell,1,Strong Sell,2,Sell
TKO,2025-09-18,B,3,Neutral,5,Strong Buy,3,Neutral,3,Neutral,2,Sell,1,Strong Sell,2,Sell
TKO,2025-09-17,B,3,Neutral,5,Strong Buy,3,Neutral,3,Neutral,2,Sell,1,Strong Sell,2,Sell
TKO,2025-09-16,B,3,Neutral,5,Strong Buy,3,Neutral,3,Neutral,2,Sell,1,Strong Sell,2,Sell
TKO,2025-09-15,B,3,Neutral,5,Strong Buy,3,Neutral,3,Neutral,2,Sell,1,Strong Sell,2,Sell
TKO,2025-09-12,B,3,Neutral,5,Strong Buy,3,Neutral,3,Neutral,2,Sell,1,Strong Sell,2,Sell
TKO,2025-09-11,B,3,Neutral,5,Strong Buy,3,Neutral,3,Neutral,2,Sell,1,Strong Sell,2,Sell
TKO,2025-09-10,B,3,Neutral,5,Strong Buy,3,Neutral,3,Neutral,2,Sell,1,Strong Sell,2,Sell
TKO,2025-09-09,B,3,Neutral,5,Strong Buy,3,Neutral,3,Neutral,2,Sell,1,Strong Sell,2,Sell
TKO,2025-09-08,B,3,Neutral,5,Strong Buy,3,Neutral,3,Neutral,2,Sell,1,Strong Sell,2,Sell
TKO,2025-09-05,B,3,Neutral,5,Strong Buy,3,Neutral,3,Neutral,2,Sell,1,Strong Sell,2,Sell
TKO,2025-09-04,B,3,Neutral,5,Strong Buy,3,Neutral,3,Neutral,2,Sell,1,Strong Sell,2,Sell
TKO,2025-09-03,B,3,Neutral,5,Strong Buy,3,Neutral,3,Neutral,2,Sell,1,Strong Sell,2,Sell
TKO,2025-09-02,B,3,Neutral,5,Strong Buy,3,Neutral,3,Neutral,2,Sell,1,Strong Sell,2,Sell
TKO,2025-08-29,B,3,Neutral,5,Strong Buy,3,Neutral,3,Neutral,2,Sell,1,Strong Sell,2,Sell
TKO,2025-08-28,B,3,Neutral,5,Strong Buy,3,Neutral,3,Neutral,2,Sell,1,Strong Sell,2,Sell
TKO,2025-08-27,B,3,Neutral,5,Strong Buy,3,Neutral,3,Neutral,2,Sell,1,Strong Sell,2,Sell
TKO,2025-08-26,B,3,Neutral,5,Strong Buy,3,Neutral,3,Neutral,2,Sell,1,Strong Sell,2,Sell
TKO,2025-08-25,B-,3,Neutral,4,Buy,3,Neutral,3,Neutral,2,Sell,1,Strong Sell,2,Sell
TKO,2025-08-22,B-,3,Neutral,4,Buy,3,Neutral,3,Neutral,2,Sell,1,Strong Sell,2,Sell
TKO,2025-08-21,B-,3,Neutral,4,Buy,3,Neutral,3,Neutral,2,Sell,1,Strong Sell,2,Sell
TKO,2025-08-20,B-,3,Neutral,4,Buy,3,Neutral,3,Neutral,2,Sell,1,Strong Sell,2,Sell
TKO,2025-08-19,B-,3,Neutral,4,Buy,3,Neutral,3,Neutral,2,Sell,1,Strong Sell,2,Sell
TKO,2025-08-18,B-,3,Neutral,4,Buy,3,Neutral,3,Neutral,2,Sell,1,Strong Sell,2,Sell
TKO,2025-08-15,B-,3,Neutral,4,Buy,3,Neutral,3,Neutral,2,Sell,1,Strong Sell,2,Sell
TKO,2025-08-14,B-,3,Neutral,4,Buy,3,Neutral,3,Neutral,2,Sell,1,Strong Sell,2,Sell
TKO,2025-08-13,B-,3,Neutral,4,Buy,3,Neutral,3,Neutral,2,Sell,1,Strong Sell,2,Sell
TKO,2025-08-12,B-,3,Neutral,4,Buy,3,Neutral,3,Neutral,2,Sell,1,Strong Sell,2,Sell
TKO,2025-08-11,B-,3,Neutral,4,Buy,3,Neutral,3,Neutral,2,Sell,1,Strong Sell,2,Sell
TKO,2025-08-08,B,3,Neutral,5,Strong Buy,3,Neutral,3,Neutral,2,Sell,1,Strong Sell,2,Sell
TKO,2025-08-07,B,3,Neutral,5,Strong Buy,3,Neutral,3,Neutral,2,Sell,1,Strong Sell,2,Sell
TKO,2025-08-06,B,3,Neutral,5,Strong Buy,3,Neutral,3,Neutral,2,Sell,1,Strong Sell,2,Sell
TKO,2025-08-05,B,3,Neutral,5,Strong Buy,3,Neutral,3,Neutral,2,Sell,1,Strong Sell,2,Sell
TKO,2025-08-04,B,3,Neutral,5,Strong Buy,3,Neutral,3,Neutral,2,Sell,1,Strong Sell,2,Sell
TKO,2025-08-01,B,3,Neutral,5,Strong Buy,3,Neutral,3,Neutral,2,Sell,1,Strong Sell,2,Sell
TKO,2025-07-31,B,3,Neutral,5,Strong Buy,3,Neutral,3,Neutral,2,Sell,1,Strong Sell,2,Sell
TKO,2025-07-30,B,3,Neutral,5,Strong Buy,3,Neutral,3,Neutral,2,Sell,1,Strong Sell,2,Sell
TKO,2025-07-29,B,3,Neutral,5,Strong Buy,3,Neutral,3,Neutral,2,Sell,1,Strong Sell,2,Sell
TKO,2025-07-28,B,3,Neutral,5,Strong Buy,3,Neutral,3,Neutral,2,Sell,1,Strong Sell,2,Sell
TKO,2025-07-25,B,3,Neutral,5,Strong Buy,3,Neutral,3,Neutral,2,Sell,1,Strong Sell,2,Sell
TKO,2025-07-24,B,3,Neutral,5,Strong Buy,3,Neutral,3,Neutral,2,Sell,1,Strong Sell,2,Sell
TKO,2025-07-23,B,3,Neutral,5,Strong Buy,3,Neutral,3,Neutral,2,Sell,1,Strong Sell,2,Sell
TKO,2025-07-22,B,3,Neutral,5,Strong Buy,3,Neutral,3,Neutral,2,Sell,1,Strong Sell,2,Sell
TKO,2025-07-21,B-,3,Neutral,4,Buy,3,Neutral,3,Neutral,2,Sell,1,Strong Sell,2,Sell
TKO,2025-07-18,B-,3,Neutral,4,Buy,3,Neutral,3,Neutral,2,Sell,1,Strong Sell,2,Sell
TKO,2025-07-17,B-,3,Neutral,4,Buy,3,Neutral,3,Neutral,2,Sell,1,Strong Sell,2,Sell
TKO,2025-07-16,B-,3,Neutral,4,Buy,3,Neutral,3,Neutral,2,Sell,1,Strong Sell,2,Sell
TKO,2025-07-15,B-,3,Neutral,4,Buy,3,Neutral,3,Neutral,2,Sell,1,Strong Sell,2,Sell
TKO,2025-07-14,B-,3,Neutral,4,Buy,3,Neutral,3,Neutral,2,Sell,1,Strong Sell,2,Sell
TKO,2025-07-11,B-,3,Neutral,4,Buy,3,Neutral,3,Neutral,2,Sell,1,Strong Sell,2,Sell
TKO,2025-07-10,B-,3,Neutral,4,Buy,3,Neutral,3,Neutral,2,Sell,1,Strong Sell,2,Sell
TKO,2025-07-09,B-,3,Neutral,4,Buy,3,Neutral,3,Neutral,2,Sell,1,Strong Sell,2,Sell
TKO,2025-07-08,B-,3,Neutral,4,Buy,3,Neutral,3,Neutral,2,Sell,1,Strong Sell,2,Sell
TKO,2025-07-07,B-,3,Neutral,4,Buy,3,Neutral,3,Neutral,2,Sell,1,Strong Sell,2,Sell
TKO,2025-07-03,B-,3,Neutral,4,Buy,3,Neutral,3,Neutral,2,Sell,1,Strong Sell,2,Sell
TKO,2025-07-02,B-,3,Neutral,4,Buy,3,Neutral,3,Neutral,2,Sell,1,Strong Sell,2,Sell
TKO,2025-07-01,B-,3,Neutral,4,Buy,3,Neutral,3,Neutral,2,Sell,1,Strong Sell,2,Sell
TKO,2025-06-30,B-,3,Neutral,4,Buy,3,Neutral,3,Neutral,2,Sell,1,Strong Sell,2,Sell
TKO,2025-06-27,B-,3,Neutral,4,Buy,3,Neutral,3,Neutral,2,Sell,1,Strong Sell,2,Sell
TKO,2025-06-26,B-,3,Neutral,4,Buy,3,Neutral,3,Neutral,2,Sell,1,Strong Sell,2,Sell
TKO,2025-06-25,B-,3,Neutral,4,Buy,3,Neutral,3,Neutral,2,Sell,1,Strong Sell,2,Sell
TKO,2025-06-24,B-,3,Neutral,4,Buy,3,Neutral,3,Neutral,2,Sell,1,Strong Sell,2,Sell
TKO,2025-06-23,B-,3,Neutral,4,Buy,3,Neutral,3,Neutral,2,Sell,1,Strong Sell,2,Sell
TKO,2025-06-20,B-,3,Neutral,4,Buy,3,Neutral,3,Neutral,2,Sell,1,Strong Sell,2,Sell
TKO,2025-06-18,B,3,Neutral,5,Strong Buy,3,Neutral,3,Neutral,2,Sell,1,Strong Sell,2,Sell
TKO,2025-06-17,B,3,Neutral,5,Strong Buy,3,Neutral,3,Neutral,2,Sell,1,Strong Sell,2,Sell
TKO,2025-06-16,B,3,Neutral,5,Strong Buy,3,Neutral,3,Neutral,2,Sell,1,Strong Sell,2,Sell
TKO,2025-06-13,B,3,Neutral,5,Strong Buy,3,Neutral,3,Neutral,2,Sell,1,Strong Sell,2,Sell
TKO,2025-06-12,B,3,Neutral,5,Strong Buy,3,Neutral,3,Neutral,2,Sell,1,Strong Sell,2,Sell
TKO,2025-06-11,B,3,Neutral,5,Strong Buy,3,Neutral,3,Neutral,2,Sell,1,Strong Sell,2,Sell
TKO,2025-06-10,B,3,Neutral,5,Strong Buy,3,Neutral,3,Neutral,2,Sell,1,Strong Sell,2,Sell
TKO,2025-06-09,B,3,Neutral,5,Strong Buy,3,Neutral,3,Neutral,2,Sell,1,Strong Sell,2,Sell
TKO,2025-06-06,B,3,Neutral,5,Strong Buy,3,Neutral,3,Neutral,2,Sell,1,Strong Sell,2,Sell
TKO,2025-06-05,B,3,Neutral,5,Strong Buy,3,Neutral,3,Neutral,2,Sell,1,Strong Sell,2,Sell
TKO,2025-06-04,B,3,Neutral,5,Strong Buy,3,Neutral,3,Neutral,2,Sell,1,Strong Sell,2,Sell
TKO,2025-06-03,B,3,Neutral,5,Strong Buy,3,Neutral,3,Neutral,2,Sell,1,Strong Sell,2,Sell
TKO,2025-06-02,B,3,Neutral,5,Strong Buy,3,Neutral,3,Neutral,2,Sell,1,Strong Sell,2,Sell
TKO,2025-05-30,B,3,Neutral,5,Strong Buy,3,Neutral,3,Neutral,2,Sell,1,Strong Sell,2,Sell
TKO,2025-05-29,B,3,Neutral,5,Strong Buy,3,Neutral,3,Neutral,2,Sell,1,Strong Sell,2,Sell
TKO,2025-05-28,B,3,Neutral,5,Strong Buy,3,Neutral,3,Neutral,2,Sell,1,Strong Sell,2,Sell
TKO,2025-05-23,B,3,Neutral,5,Strong Buy,3,Neutral,3,Neutral,2,Sell,1,Strong Sell,2,Sell
TKO,2025-05-22,B,3,Neutral,5,Strong Buy,3,Neutral,3,Neutral,2,Sell,1,Strong Sell,2,Sell
TKO,2025-05-21,B,3,Neutral,5,Strong Buy,3,Neutral,3,Neutral,2,Sell,1,Strong Sell,2,Sell
TKO,2025-05-20,B,3,Neutral,5,Strong Buy,3,Neutral,3,Neutral,2,Sell,1,Strong Sell,2,Sell
TKO,2025-05-19,B,3,Neutral,5,Strong Buy,3,Neutral,3,Neutral,2,Sell,1,Strong Sell,2,Sell
TKO,2025-05-16,B,3,Neutral,5,Strong Buy,3,Neutral,3,Neutral,2,Sell,1,Strong Sell,2,Sell
TKO,2025-05-15,B,3,Neutral,5,Strong Buy,3,Neutral,3,Neutral,2,Sell,1,Strong Sell,2,Sell
TKO,2025-05-14,B,3,Neutral,5,Strong Buy,3,Neutral,3,Neutral,2,Sell,1,Strong Sell,2,Sell
TKO,2025-05-13,B,3,Neutral,5,Strong Buy,3,Neutral,3,Neutral,2,Sell,1,Strong Sell,2,Sell
TKO,2025-05-12,B-,3,Neutral,5,Strong Buy,2,Sell,3,Neutral,2,Sell,1,Strong Sell,2,Sell
TKO,2025-05-09,B-,3,Neutral,5,Strong Buy,2,Sell,3,Neutral,2,Sell,1,Strong Sell,2,Sell
TKO,2025-05-08,B-,3,Neutral,5,Strong Buy,2,Sell,3,Neutral,2,Sell,1,Strong Sell,2,Sell
TKO,2025-05-07,B-,3,Neutral,5,Strong Buy,2,Sell,3,Neutral,2,Sell,1,Strong Sell,2,Sell
TKO,2025-05-06,B-,3,Neutral,5,Strong Buy,2,Sell,3,Neutral,2,Sell,1,Strong Sell,2,Sell
TKO,2025-05-05,B-,3,Neutral,5,Strong Buy,2,Sell,3,Neutral,2,Sell,1,Strong Sell,2,Sell
TKO,2025-05-02,B-,3,Neutral,5,Strong Buy,2,Sell,3,Neutral,2,Sell,1,Strong Sell,2,Sell
TKO,2025-05-01,B-,3,Neutral,5,Strong Buy,2,Sell,3,Neutral,2,Sell,1,Strong Sell,2,Sell
TKO,2025-04-30,B-,3,Neutral,5,Strong Buy,2,Sell,3,Neutral,2,Sell,1,Strong Sell,2,Sell
TKO,2025-04-29,B-,3,Neutral,5,Strong Buy,2,Sell,3,Neutral,2,Sell,1,Strong Sell,2,Sell
TKO,2025-04-28,B-,3,Neutral,5,Strong Buy,2,Sell,3,Neutral,2,Sell,1,Strong Sell,2,Sell
TKO,2025-04-25,B-,3,Neutral,5,Strong Buy,2,Sell,3,Neutral,2,Sell,1,Strong Sell,2,Sell
TKO,2025-04-24,B-,3,Neutral,5,Strong Buy,2,Sell,3,Neutral,2,Sell,1,Strong Sell,2,Sell
TKO,2025-04-23,B-,3,Neutral,5,Strong Buy,2,Sell,3,Neutral,2,Sell,1,Strong Sell,2,Sell
TKO,2025-04-22,B-,3,Neutral,5,Strong Buy,2,Sell,3,Neutral,2,Sell,1,Strong Sell,2,Sell
TKO,2025-04-21,B-,3,Neutral,5,Strong Buy,2,Sell,3,Neutral,2,Sell,1,Strong Sell,2,Sell
TKO,2025-04-17,B-,3,Neutral,5,Strong Buy,2,Sell,3,Neutral,2,Sell,1,Strong Sell,2,Sell
TKO,2025-04-16,B-,3,Neutral,5,Strong Buy,2,Sell,3,Neutral,2,Sell,1,Strong Sell,2,Sell
TKO,2025-04-15,B-,3,Neutral,5,Strong Buy,2,Sell,3,Neutral,2,Sell,1,Strong Sell,2,Sell
TKO,2025-04-14,B-,3,Neutral,5,Strong Buy,2,Sell,3,Neutral,2,Sell,1,Strong Sell,2,Sell
TKO,2025-04-11,B-,3,Neutral,5,Strong Buy,2,Sell,3,Neutral,2,Sell,1,Strong Sell,2,Sell
TKO,2025-04-10,B-,3,Neutral,5,Strong Buy,2,Sell,3,Neutral,2,Sell,1,Strong Sell,2,Sell
TKO,2025-04-09,B-,3,Neutral,5,Strong Buy,2,Sell,3,Neutral,2,Sell,1,Strong Sell,2,Sell
TKO,2025-04-08,B-,3,Neutral,5,Strong Buy,2,Sell,3,Neutral,2,Sell,1,Strong Sell,2,Sell
TKO,2025-04-07,B-,3,Neutral,5,Strong Buy,2,Sell,3,Neutral,2,Sell,1,Strong Sell,2,Sell
TKO,2025-04-04,B-,3,Neutral,5,Strong Buy,2,Sell,3,Neutral,2,Sell,1,Strong Sell,2,Sell
TKO,2025-04-03,B-,3,Neutral,5,Strong Buy,2,Sell,3,Neutral,2,Sell,1,Strong Sell,2,Sell
TKO,2025-04-02,B-,3,Neutral,5,Strong Buy,2,Sell,3,Neutral,2,Sell,1,Strong Sell,2,Sell
TKO,2025-04-01,B-,3,Neutral,5,Strong Buy,2,Sell,3,Neutral,2,Sell,1,Strong Sell,2,Sell
TKO,2025-03-31,B-,2,Sell,5,Strong Buy,2,Sell,2,Sell,2,Sell,1,Strong Sell,2,Sell
TKO,2025-03-28,B-,2,Sell,5,Strong Buy,2,Sell,2,Sell,2,Sell,1,Strong Sell,2,Sell
TKO,2025-03-27,B-,2,Sell,5,Strong Buy,2,Sell,2,Sell,2,Sell,1,Strong Sell,2,Sell
TKO,2025-03-26,B-,2,Sell,5,Strong Buy,2,Sell,2,Sell,2,Sell,1,Strong Sell,2,Sell
TKO,2025-03-25,B-,2,Sell,5,Strong Buy,2,Sell,2,Sell,2,Sell,1,Strong Sell,2,Sell
TKO,2025-03-24,B-,2,Sell,5,Strong Buy,2,Sell,2,Sell,2,Sell,1,Strong Sell,2,Sell
TKO,2025-03-21,B-,2,Sell,5,Strong Buy,2,Sell,2,Sell,2,Sell,1,Strong Sell,2,Sell
TKO,2025-03-20,B-,2,Sell,5,Strong Buy,2,Sell,2,Sell,2,Sell,1,Strong Sell,2,Sell
TKO,2025-03-19,B-,2,Sell,5,Strong Buy,2,Sell,2,Sell,2,Sell,1,Strong Sell,2,Sell
TKO,2025-03-18,B-,2,Sell,5,Strong Buy,2,Sell,2,Sell,2,Sell,1,Strong Sell,2,Sell
TKO,2025-03-17,B,3,Neutral,5,Strong Buy,3,Neutral,3,Neutral,2,Sell,1,Strong Sell,2,Sell
TKO,2025-03-14,B-,3,Neutral,4,Buy,3,Neutral,3,Neutral,2,Sell,1,Strong Sell,2,Sell
TKO,2025-03-13,B-,3,Neutral,4,Buy,3,Neutral,3,Neutral,2,Sell,1,Strong Sell,2,Sell
TKO,2025-03-12,B-,3,Neutral,4,Buy,3,Neutral,3,Neutral,2,Sell,1,Strong Sell,2,Sell
TKO,2025-03-11,B-,3,Neutral,4,Buy,3,Neutral,3,Neutral,2,Sell,1,Strong Sell,2,Sell
TKO,2025-03-10,B,3,Neutral,5,Strong Buy,3,Neutral,3,Neutral,2,Sell,1,Strong Sell,2,Sell
TKO,2025-03-07,B,3,Neutral,5,Strong Buy,3,Neutral,3,Neutral,2,Sell,1,Strong Sell,2,Sell
TKO,2025-03-06,B,3,Neutral,5,Strong Buy,3,Neutral,3,Neutral,2,Sell,1,Strong Sell,2,Sell
TKO,2025-03-05,B,3,Neutral,5,Strong Buy,3,Neutral,3,Neutral,2,Sell,1,Strong Sell,2,Sell
TKO,2025-03-04,B,3,Neutral,5,Strong Buy,3,Neutral,3,Neutral,2,Sell,1,Strong Sell,2,Sell
TKO,2025-03-03,B,3,Neutral,5,Strong Buy,3,Neutral,3,Neutral,2,Sell,1,Strong Sell,2,Sell
TKO,2025-02-28,B,3,Neutral,5,Strong Buy,3,Neutral,3,Neutral,2,Sell,1,Strong Sell,2,Sell
TKO,2025-02-27,B,3,Neutral,5,Strong Buy,3,Neutral,3,Neutral,2,Sell,1,Strong Sell,2,Sell
TKO,2025-02-26,B-,3,Neutral,4,Buy,3,Neutral,3,Neutral,2,Sell,1,Strong Sell,2,Sell
TKO,2025-02-25,B-,3,Neutral,4,Buy,3,Neutral,3,Neutral,2,Sell,1,Strong Sell,2,Sell
TKO,2025-02-24,B-,3,Neutral,4,Buy,3,Neutral,3,Neutral,2,Sell,1,Strong Sell,2,Sell
TKO,2025-02-21,C+,2,Sell,3,Neutral,2,Sell,3,Neutral,2,Sell,1,Strong Sell,2,Sell
TKO,2025-02-20,C+,2,Sell,3,Neutral,2,Sell,3,Neutral,2,Sell,1,Strong Sell,2,Sell
TKO,2025-02-19,C+,2,Sell,3,Neutral,2,Sell,3,Neutral,2,Sell,1,Strong Sell,2,Sell
TKO,2025-02-18,C+,2,Sell,3,Neutral,2,Sell,3,Neutral,2,Sell,1,Strong Sell,2,Sell
TKO,2025-02-14,B-,3,Neutral,5,Strong Buy,2,Sell,3,Neutral,2,Sell,1,Strong Sell,2,Sell
TKO,2025-02-13,B-,3,Neutral,5,Strong Buy,2,Sell,3,Neutral,2,Sell,1,Strong Sell,2,Sell
TKO,2025-02-12,B-,3,Neutral,5,Strong Buy,2,Sell,3,Neutral,2,Sell,1,Strong Sell,2,Sell
TKO,2025-02-11,B-,3,Neutral,5,Strong Buy,2,Sell,3,Neutral,2,Sell,1,Strong Sell,2,Sell
TKO,2025-02-10,B-,3,Neutral,5,Strong Buy,2,Sell,3,Neutral,2,Sell,1,Strong Sell,2,Sell
TKO,2025-02-07,B-,3,Neutral,5,Strong Buy,2,Sell,3,Neutral,2,Sell,1,Strong Sell,2,Sell
TKO,2025-02-06,B-,3,Neutral,5,Strong Buy,2,Sell,3,Neutral,2,Sell,1,Strong Sell,2,Sell
TKO,2025-02-05,B,3,Neutral,5,Strong Buy,3,Neutral,3,Neutral,2,Sell,1,Strong Sell,2,Sell
TKO,2025-02-04,B,3,Neutral,5,Strong Buy,3,Neutral,3,Neutral,2,Sell,1,Strong Sell,2,Sell
TKO,2025-02-03,B,3,Neutral,5,Strong Buy,3,Neutral,3,Neutral,2,Sell,1,Strong Sell,2,Sell
TKO,2025-01-31,B,3,Neutral,5,Strong Buy,3,Neutral,3,Neutral,2,Sell,1,Strong Sell,2,Sell
TKO,2025-01-30,B,3,Neutral,5,Strong Buy,3,Neutral,3,Neutral,2,Sell,1,Strong Sell,2,Sell
TKO,2025-01-29,B,3,Neutral,5,Strong Buy,3,Neutral,3,Neutral,2,Sell,1,Strong Sell,2,Sell
TKO,2025-01-28,B,3,Neutral,5,Strong Buy,3,Neutral,3,Neutral,2,Sell,1,Strong Sell,2,Sell
TKO,2025-01-27,B,3,Neutral,5,Strong Buy,3,Neutral,3,Neutral,2,Sell,1,Strong Sell,2,Sell
TKO,2025-01-24,B,3,Neutral,5,Strong Buy,3,Neutral,3,Neutral,2,Sell,1,Strong Sell,2,Sell
TKO,2025-01-23,B,3,Neutral,5,Strong Buy,3,Neutral,3,Neutral,2,Sell,1,Strong Sell,2,Sell
TKO,2025-01-22,B,3,Neutral,5,Strong Buy,3,Neutral,3,Neutral,2,Sell,1,Strong Sell,2,Sell
TKO,2025-01-21,B,3,Neutral,5,Strong Buy,3,Neutral,3,Neutral,2,Sell,1,Strong Sell,2,Sell
TKO,2025-01-17,B,3,Neutral,5,Strong Buy,3,Neutral,3,Neutral,2,Sell,1,Strong Sell,2,Sell
TKO,2025-01-16,B,3,Neutral,5,Strong Buy,3,Neutral,3,Neutral,2,Sell,1,Strong Sell,2,Sell
TKO,2025-01-15,B,3,Neutral,5,Strong Buy,3,Neutral,3,Neutral,2,Sell,1,Strong Sell,2,Sell
TKO,2025-01-14,B,3,Neutral,5,Strong Buy,3,Neutral,3,Neutral,2,Sell,1,Strong Sell,2,Sell
TKO,2025-01-13,B,3,Neutral,5,Strong Buy,3,Neutral,3,Neutral,2,Sell,1,Strong Sell,2,Sell
TKO,2025-01-10,B,3,Neutral,5,Strong Buy,3,Neutral,3,Neutral,2,Sell,1,Strong Sell,2,Sell
TKO,2025-01-08,B,3,Neutral,5,Strong Buy,3,Neutral,3,Neutral,2,Sell,1,Strong Sell,2,Sell
TKO,2025-01-07,B,3,Neutral,5,Strong Buy,3,Neutral,3,Neutral,2,Sell,1,Strong Sell,2,Sell
TKO,2025-01-06,B,3,Neutral,5,Strong Buy,3,Neutral,3,Neutral,2,Sell,1,Strong Sell,2,Sell
TKO,2025-01-02,B,3,Neutral,5,Strong Buy,3,Neutral,3,Neutral,2,Sell,1,Strong Sell,2,Sell
TKO,2024-12-31,B,3,Neutral,5,Strong Buy,3,Neutral,3,Neutral,2,Sell,1,Strong Sell,2,Sell
TKO,2024-12-30,B,3,Neutral,5,Strong Buy,3,Neutral,3,Neutral,2,Sell,1,Strong Sell,2,Sell
TKO,2024-12-27,B,3,Neutral,5,Strong Buy,3,Neutral,3,Neutral,2,Sell,1,Strong Sell,2,Sell
TKO,2024-12-26,B,3,Neutral,5,Strong Buy,3,Neutral,3,Neutral,2,Sell,1,Strong Sell,2,Sell
TKO,2024-12-24,B,3,Neutral,5,Strong Buy,3,Neutral,3,Neutral,2,Sell,1,Strong Sell,2,Sell
TKO,2024-12-23,B,3,Neutral,5,Strong Buy,3,Neutral,3,Neutral,2,Sell,1,Strong Sell,2,Sell
TKO,2024-12-20,B,3,Neutral,5,Strong Buy,3,Neutral,3,Neutral,2,Sell,1,Strong Sell,2,Sell
TKO,2024-12-19,B,3,Neutral,5,Strong Buy,3,Neutral,3,Neutral,2,Sell,1,Strong Sell,2,Sell
TKO,2024-12-18,B,3,Neutral,5,Strong Buy,3,Neutral,3,Neutral,2,Sell,1,Strong Sell,2,Sell
TKO,2024-12-17,B,3,Neutral,5,Strong Buy,3,Neutral,3,Neutral,2,Sell,1,Strong Sell,2,Sell
TKO,2024-12-16,B,3,Neutral,5,Strong Buy,3,Neutral,3,Neutral,2,Sell,1,Strong Sell,2,Sell
TKO,2024-12-12,B,3,Neutral,5,Strong Buy,3,Neutral,3,Neutral,2,Sell,1,Strong Sell,2,Sell
TKO,2024-12-11,B,3,Neutral,5,Strong Buy,3,Neutral,3,Neutral,2,Sell,1,Strong Sell,2,Sell
TKO,2024-12-10,B,3,Neutral,5,Strong Buy,3,Neutral,3,Neutral,2,Sell,1,Strong Sell,2,Sell
TKO,2024-12-09,B,3,Neutral,5,Strong Buy,3,Neutral,3,Neutral,2,Sell,1,Strong Sell,2,Sell
TKO,2024-12-06,B,3,Neutral,5,Strong Buy,3,Neutral,3,Neutral,2,Sell,1,Strong Sell,2,Sell
TKO,2024-12-05,B,3,Neutral,5,Strong Buy,3,Neutral,3,Neutral,2,Sell,1,Strong Sell,2,Sell
TKO,2024-12-04,B,3,Neutral,5,Strong Buy,3,Neutral,3,Neutral,2,Sell,1,Strong Sell,2,Sell
TKO,2024-12-03,B,3,Neutral,5,Strong Buy,3,Neutral,3,Neutral,2,Sell,1,Strong Sell,2,Sell
TKO,2024-12-02,B,3,Neutral,5,Strong Buy,3,Neutral,3,Neutral,2,Sell,1,Strong Sell,2,Sell
TKO,2024-11-29,B,3,Neutral,5,Strong Buy,3,Neutral,3,Neutral,2,Sell,1,Strong Sell,2,Sell
TKO,2024-11-27,B,3,Neutral,5,Strong Buy,3,Neutral,3,Neutral,2,Sell,1,Strong Sell,2,Sell
TKO,2024-11-26,B,3,Neutral,5,Strong Buy,3,Neutral,3,Neutral,2,Sell,1,Strong Sell,2,Sell
TKO,2024-11-25,B,3,Neutral,5,Strong Buy,3,Neutral,3,Neutral,2,Sell,1,Strong Sell,2,Sell
TKO,2024-11-22,B,3,Neutral,5,Strong Buy,3,Neutral,3,Neutral,2,Sell,1,Strong Sell,2,Sell
TKO,2024-11-21,B,3,Neutral,5,Strong Buy,3,Neutral,3,Neutral,2,Sell,1,Strong Sell,2,Sell
TKO,2024-11-20,B,3,Neutral,5,Strong Buy,3,Neutral,3,Neutral,2,Sell,1,Strong Sell,2,Sell
TKO,2024-11-18,B,3,Neutral,5,Strong Buy,3,Neutral,3,Neutral,2,Sell,1,Strong Sell,2,Sell
TKO,2024-11-15,B,3,Neutral,5,Strong Buy,3,Neutral,3,Neutral,2,Sell,1,Strong Sell,2,Sell
TKO,2024-11-14,B,3,Neutral,5,Strong Buy,3,Neutral,3,Neutral,2,Sell,1,Strong Sell,2,Sell
TKO,2024-11-13,B,3,Neutral,5,Strong Buy,3,Neutral,3,Neutral,2,Sell,1,Strong Sell,2,Sell
TKO,2024-11-12,B,3,Neutral,5,Strong Buy,3,Neutral,3,Neutral,2,Sell,1,Strong Sell,2,Sell
TKO,2024-11-11,B,3,Neutral,5,Strong Buy,3,Neutral,3,Neutral,2,Sell,1,Strong Sell,2,Sell
TKO,2024-11-08,B,3,Neutral,5,Strong Buy,3,Neutral,3,Neutral,2,Sell,1,Strong Sell,2,Sell
TKO,2024-11-07,B,3,Neutral,5,Strong Buy,3,Neutral,3,Neutral,2,Sell,1,Strong Sell,2,Sell
TKO,2024-11-06,B,3,Neutral,5,Strong Buy,3,Neutral,3,Neutral,2,Sell,1,Strong Sell,2,Sell
TKO,2024-11-05,B,3,Neutral,5,Strong Buy,3,Neutral,3,Neutral,2,Sell,1,Strong Sell,3,Neutral
TKO,2024-11-04,B,3,Neutral,5,Strong Buy,3,Neutral,3,Neutral,2,Sell,1,Strong Sell,3,Neutral
TKO,2024-11-01,B,3,Neutral,5,Strong Buy,3,Neutral,3,Neutral,2,Sell,1,Strong Sell,2,Sell
TKO,2024-10-31,B,3,Neutral,5,Strong Buy,3,Neutral,3,Neutral,2,Sell,1,Strong Sell,2,Sell
TKO,2024-10-30,B,3,Neutral,5,Strong Buy,3,Neutral,3,Neutral,2,Sell,1,Strong Sell,2,Sell
TKO,2024-10-29,B,3,Neutral,5,Strong Buy,3,Neutral,3,Neutral,2,Sell,1,Strong Sell,2,Sell
TKO,2024-10-28,B,3,Neutral,5,Strong Buy,3,Neutral,3,Neutral,2,Sell,1,Strong Sell,2,Sell
TKO,2024-10-25,B,3,Neutral,5,Strong Buy,3,Neutral,3,Neutral,2,Sell,1,Strong Sell,2,Sell
TKO,2024-10-24,B,3,Neutral,5,Strong Buy,3,Neutral,3,Neutral,2,Sell,1,Strong Sell,2,Sell
TKO,2024-10-23,B,3,Neutral,5,Strong Buy,3,Neutral,3,Neutral,2,Sell,1,Strong Sell,2,Sell
TKO,2024-10-22,B,3,Neutral,5,Strong Buy,3,Neutral,3,Neutral,2,Sell,1,Strong Sell,2,Sell
TKO,2024-10-21,B,3,Neutral,5,Strong Buy,3,Neutral,3,Neutral,2,Sell,1,Strong Sell,2,Sell
TKO,2024-10-18,B,3,Neutral,5,Strong Buy,3,Neutral,3,Neutral,2,Sell,1,Strong Sell,2,Sell
TKO,2024-10-16,B,3,Neutral,5,Strong Buy,3,Neutral,3,Neutral,2,Sell,1,Strong Sell,2,Sell
TKO,2024-10-15,B,3,Neutral,5,Strong Buy,3,Neutral,3,Neutral,2,Sell,1,Strong Sell,2,Sell
TKO,2024-10-14,B,3,Neutral,5,Strong Buy,3,Neutral,3,Neutral,2,Sell,1,Strong Sell,2,Sell
TKO,2024-10-11,B,3,Neutral,5,Strong Buy,3,Neutral,3,Neutral,2,Sell,1,Strong Sell,2,Sell
TKO,2024-10-10,B,3,Neutral,5,Strong Buy,3,Neutral,3,Neutral,2,Sell,1,Strong Sell,2,Sell
TKO,2024-10-09,B,3,Neutral,5,Strong Buy,3,Neutral,3,Neutral,2,Sell,1,Strong Sell,2,Sell
TKO,2024-10-08,B,3,Neutral,5,Strong Buy,3,Neutral,3,Neutral,2,Sell,1,Strong Sell,2,Sell
TKO,2024-10-07,B,3,Neutral,5,Strong Buy,3,Neutral,3,Neutral,2,Sell,1,Strong Sell,2,Sell
TKO,2024-10-04,B,3,Neutral,5,Strong Buy,3,Neutral,3,Neutral,2,Sell,1,Strong Sell,2,Sell
TKO,2024-10-03,B,3,Neutral,5,Strong Buy,3,Neutral,3,Neutral,2,Sell,1,Strong Sell,2,Sell
TKO,2024-10-02,B,3,Neutral,5,Strong Buy,3,Neutral,3,Neutral,2,Sell,1,Strong Sell,2,Sell
TKO,2024-10-01,B,3,Neutral,5,Strong Buy,3,Neutral,3,Neutral,2,Sell,1,Strong Sell,2,Sell
TKO,2024-09-30,B,3,Neutral,5,Strong Buy,3,Neutral,3,Neutral,2,Sell,1,Strong Sell,2,Sell
TKO,2024-09-27,B,3,Neutral,5,Strong Buy,3,Neutral,3,Neutral,2,Sell,1,Strong Sell,2,Sell
TKO,2024-09-26,B,3,Neutral,5,Strong Buy,3,Neutral,3,Neutral,2,Sell,1,Strong Sell,2,Sell
TKO,2024-09-25,B,3,Neutral,5,Strong Buy,3,Neutral,3,Neutral,2,Sell,1,Strong Sell,2,Sell
TKO,2024-09-24,B,3,Neutral,5,Strong Buy,3,Neutral,3,Neutral,2,Sell,1,Strong Sell,2,Sell
TKO,2024-09-23,B,3,Neutral,5,Strong Buy,3,Neutral,3,Neutral,2,Sell,1,Strong Sell,2,Sell
TKO,2024-09-20,B,3,Neutral,5,Strong Buy,3,Neutral,3,Neutral,2,Sell,1,Strong Sell,2,Sell
TKO,2024-09-19,B,3,Neutral,5,Strong Buy,3,Neutral,3,Neutral,2,Sell,1,Strong Sell,2,Sell
TKO,2024-09-18,B,3,Neutral,5,Strong Buy,3,Neutral,3,Neutral,2,Sell,1,Strong Sell,2,Sell
TKO,2024-09-17,B,3,Neutral,5,Strong Buy,3,Neutral,3,Neutral,2,Sell,1,Strong Sell,2,Sell
TKO,2024-09-16,B,3,Neutral,5,Strong Buy,3,Neutral,3,Neutral,2,Sell,1,Strong Sell,2,Sell
TKO,2024-09-13,B,3,Neutral,5,Strong Buy,3,Neutral,3,Neutral,2,Sell,1,Strong Sell,2,Sell
TKO,2024-09-12,B,3,Neutral,5,Strong Buy,3,Neutral,3,Neutral,2,Sell,1,Strong Sell,2,Sell
TKO,2024-09-11,B,3,Neutral,5,Strong Buy,3,Neutral,3,Neutral,2,Sell,1,Strong Sell,2,Sell
TKO,2024-09-10,B,3,Neutral,5,Strong Buy,3,Neutral,3,Neutral,2,Sell,1,Strong Sell,2,Sell
TKO,2024-09-09,B,3,Neutral,5,Strong Buy,3,Neutral,3,Neutral,2,Sell,1,Strong Sell,2,Sell
TKO,2024-09-06,B,3,Neutral,5,Strong Buy,3,Neutral,3,Neutral,2,Sell,1,Strong Sell,2,Sell
TKO,2024-09-05,B,3,Neutral,5,Strong Buy,3,Neutral,3,Neutral,2,Sell,1,Strong Sell,2,Sell
TKO,2024-09-04,B,3,Neutral,5,Strong Buy,3,Neutral,3,Neutral,2,Sell,1,Strong Sell,2,Sell
TKO,2024-09-03,B,3,Neutral,5,Strong Buy,3,Neutral,3,Neutral,2,Sell,1,Strong Sell,2,Sell
TKO,2024-08-30,B,3,Neutral,5,Strong Buy,3,Neutral,3,Neutral,2,Sell,1,Strong Sell,2,Sell
TKO,2024-08-29,B,3,Neutral,5,Strong Buy,3,Neutral,3,Neutral,2,Sell,1,Strong Sell,2,Sell
TKO,2024-08-28,B,3,Neutral,5,Strong Buy,3,Neutral,3,Neutral,2,Sell,1,Strong Sell,2,Sell
TKO,2024-08-27,B,3,Neutral,5,Strong Buy,3,Neutral,3,Neutral,2,Sell,1,Strong Sell,2,Sell
TKO,2024-08-26,B,3,Neutral,5,Strong Buy,3,Neutral,3,Neutral,2,Sell,1,Strong Sell,2,Sell
TKO,2024-08-23,B,3,Neutral,5,Strong Buy,3,Neutral,3,Neutral,2,Sell,1,Strong Sell,2,Sell
TKO,2024-08-22,B,3,Neutral,5,Strong Buy,3,Neutral,3,Neutral,2,Sell,1,Strong Sell,2,Sell
TKO,2024-08-21,B,3,Neutral,5,Strong Buy,3,Neutral,3,Neutral,2,Sell,1,Strong Sell,2,Sell
TKO,2024-08-20,B,3,Neutral,5,Strong Buy,3,Neutral,3,Neutral,2,Sell,1,Strong Sell,2,Sell
TKO,2024-08-19,B,3,Neutral,5,Strong Buy,3,Neutral,3,Neutral,2,Sell,1,Strong Sell,2,Sell
TKO,2024-08-16,B,3,Neutral,5,Strong Buy,3,Neutral,3,Neutral,2,Sell,1,Strong Sell,2,Sell
TKO,2024-08-15,B,3,Neutral,5,Strong Buy,3,Neutral,3,Neutral,2,Sell,1,Strong Sell,2,Sell
TKO,2024-08-14,B,3,Neutral,5,Strong Buy,3,Neutral,3,Neutral,2,Sell,1,Strong Sell,2,Sell
TKO,2024-08-13,B,3,Neutral,5,Strong Buy,3,Neutral,3,Neutral,2,Sell,1,Strong Sell,2,Sell
TKO,2024-08-12,B,3,Neutral,5,Strong Buy,3,Neutral,3,Neutral,2,Sell,1,Strong Sell,2,Sell
TKO,2024-08-09,C+,2,Sell,5,Strong Buy,1,Strong Sell,1,Strong Sell,2,Sell,1,Strong Sell,3,Neutral
TKO,2024-08-08,C+,2,Sell,5,Strong Buy,1,Strong Sell,1,Strong Sell,2,Sell,1,Strong Sell,3,Neutral
TKO,2024-08-07,C+,2,Sell,5,Strong Buy,1,Strong Sell,1,Strong Sell,2,Sell,1,Strong Sell,3,Neutral
TKO,2024-08-06,C+,2,Sell,5,Strong Buy,1,Strong Sell,1,Strong Sell,2,Sell,1,Strong Sell,3,Neutral
TKO,2024-08-05,C+,2,Sell,5,Strong Buy,1,Strong Sell,1,Strong Sell,2,Sell,1,Strong Sell,3,Neutral
TKO,2024-08-02,C+,2,Sell,5,Strong Buy,1,Strong Sell,1,Strong Sell,2,Sell,1,Strong Sell,3,Neutral
TKO,2024-08-01,C+,2,Sell,5,Strong Buy,1,Strong Sell,1,Strong Sell,2,Sell,1,Strong Sell,3,Neutral
TKO,2024-07-31,C+,2,Sell,5,Strong Buy,1,Strong Sell,1,Strong Sell,2,Sell,1,Strong Sell,3,Neutral
TKO,2024-07-30,C+,2,Sell,5,Strong Buy,1,Strong Sell,1,Strong Sell,2,Sell,1,Strong Sell,3,Neutral
TKO,2024-07-29,C+,2,Sell,5,Strong Buy,1,Strong Sell,1,Strong Sell,2,Sell,1,Strong Sell,3,Neutral
TKO,2024-07-26,C+,2,Sell,5,Strong Buy,1,Strong Sell,1,Strong Sell,2,Sell,1,Strong Sell,3,Neutral
TKO,2024-07-25,A-,4,Buy,5,Strong Buy,1,Strong Sell,2,Sell,4,Buy,5,Strong Buy,3,Neutral
TKO,2024-07-24,A-,4,Buy,5,Strong Buy,1,Strong Sell,2,Sell,4,Buy,5,Strong Buy,3,Neutral
TKO,2024-07-23,A-,4,Buy,5,Strong Buy,2,Sell,2,Sell,4,Buy,5,Strong Buy,3,Neutral
TKO,2024-07-22,A-,4,Buy,5,Strong Buy,2,Sell,2,Sell,4,Buy,5,Strong Buy,3,Neutral
TKO,2024-07-19,A-,4,Buy,5,Strong Buy,2,Sell,2,Sell,4,Buy,5,Strong Buy,3,Neutral
TKO,2024-07-18,A-,4,Buy,5,Strong Buy,2,Sell,2,Sell,4,Buy,5,Strong Buy,3,Neutral
TKO,2024-07-17,A-,4,Buy,5,Strong Buy,2,Sell,2,Sell,4,Buy,5,Strong Buy,3,Neutral
TKO,2024-07-16,A-,4,Buy,5,Strong Buy,2,Sell,2,Sell,4,Buy,5,Strong Buy,3,Neutral
TKO,2024-07-15,A-,4,Buy,5,Strong Buy,2,Sell,2,Sell,4,Buy,5,Strong Buy,3,Neutral
TKO,2024-07-12,A-,4,Buy,5,Strong Buy,2,Sell,2,Sell,4,Buy,5,Strong Buy,3,Neutral
TKO,2024-07-11,A-,4,Buy,5,Strong Buy,2,Sell,2,Sell,4,Buy,5,Strong Buy,3,Neutral
TKO,2024-07-10,A-,4,Buy,5,Strong Buy,2,Sell,2,Sell,4,Buy,5,Strong Buy,3,Neutral
TKO,2024-07-09,A-,4,Buy,5,Strong Buy,2,Sell,2,Sell,4,Buy,5,Strong Buy,3,Neutral
TKO,2024-07-08,A-,4,Buy,5,Strong Buy,2,Sell,2,Sell,4,Buy,5,Strong Buy,3,Neutral
TKO,2024-07-05,A-,4,Buy,5,Strong Buy,2,Sell,2,Sell,4,Buy,5,Strong Buy,3,Neutral
TKO,2024-07-03,A-,4,Buy,5,Strong Buy,2,Sell,2,Sell,4,Buy,5,Strong Buy,3,Neutral
TKO,2024-07-02,A-,4,Buy,5,Strong Buy,2,Sell,2,Sell,4,Buy,5,Strong Buy,3,Neutral
TKO,2024-07-01,A-,4,Buy,5,Strong Buy,2,Sell,2,Sell,4,Buy,5,Strong Buy,3,Neutral
TKO,2024-06-28,A-,4,Buy,5,Strong Buy,1,Strong Sell,2,Sell,4,Buy,5,Strong Buy,3,Neutral
TKO,2024-06-27,A-,4,Buy,5,Strong Buy,1,Strong Sell,2,Sell,4,Buy,5,Strong Buy,3,Neutral
TKO,2024-06-26,A-,4,Buy,5,Strong Buy,1,Strong Sell,2,Sell,4,Buy,5,Strong Buy,3,Neutral
TKO,2024-06-25,A-,4,Buy,5,Strong Buy,1,Strong Sell,2,Sell,4,Buy,5,Strong Buy,3,Neutral
TKO,2024-06-24,A-,4,Buy,5,Strong Buy,1,Strong Sell,2,Sell,4,Buy,5,Strong Buy,3,Neutral
TKO,2024-06-21,A-,4,Buy,5,Strong Buy,1,Strong Sell,2,Sell,4,Buy,5,Strong Buy,3,Neutral
TKO,2024-06-20,A-,4,Buy,5,Strong Buy,1,Strong Sell,2,Sell,4,Buy,5,Strong Buy,3,Neutral
TKO,2024-06-18,A-,4,Buy,5,Strong Buy,1,Strong Sell,2,Sell,4,Buy,5,Strong Buy,3,Neutral
TKO,2024-06-17,A-,4,Buy,5,Strong Buy,1,Strong Sell,2,Sell,4,Buy,5,Strong Buy,3,Neutral
TKO,2024-06-14,A-,4,Buy,5,Strong Buy,1,Strong Sell,2,Sell,4,Buy,5,Strong Buy,3,Neutral
TKO,2024-06-13,A-,4,Buy,5,Strong Buy,1,Strong Sell,2,Sell,4,Buy,5,Strong Buy,3,Neutral
TKO,2024-06-12,A-,4,Buy,5,Strong Buy,1,Strong Sell,2,Sell,4,Buy,5,Strong Buy,3,Neutral
TKO,2024-06-11,B,3,Neutral,5,Strong Buy,1,Strong Sell,2,Sell,4,Buy,1,Strong Sell,3,Neutral
TKO,2024-06-10,B,3,Neutral,5,Strong Buy,1,Strong Sell,2,Sell,4,Buy,1,Strong Sell,3,Neutral
TKO,2024-06-07,B,3,Neutral,5,Strong Buy,1,Strong Sell,2,Sell,4,Buy,1,Strong Sell,3,Neutral
TKO,2024-06-05,B,3,Neutral,5,Strong Buy,1,Strong Sell,2,Sell,4,Buy,1,Strong Sell,3,Neutral
TKO,2024-06-04,B,3,Neutral,5,Strong Buy,1,Strong Sell,2,Sell,4,Buy,1,Strong Sell,3,Neutral
TKO,2024-06-03,B,3,Neutral,5,Strong Buy,1,Strong Sell,2,Sell,4,Buy,1,Strong Sell,3,Neutral
TKO,2024-05-31,B,3,Neutral,5,Strong Buy,1,Strong Sell,2,Sell,4,Buy,1,Strong Sell,3,Neutral
TKO,2024-05-30,B,3,Neutral,5,Strong Buy,1,Strong Sell,2,Sell,4,Buy,1,Strong Sell,3,Neutral
TKO,2024-05-29,B,3,Neutral,5,Strong Buy,1,Strong Sell,2,Sell,4,Buy,1,Strong Sell,3,Neutral
TKO,2024-05-28,B,3,Neutral,5,Strong Buy,1,Strong Sell,2,Sell,4,Buy,1,Strong Sell,3,Neutral
TKO,2024-05-24,B,3,Neutral,5,Strong Buy,1,Strong Sell,2,Sell,4,Buy,1,Strong Sell,3,Neutral
TKO,2024-05-23,B,3,Neutral,5,Strong Buy,1,Strong Sell,2,Sell,4,Buy,1,Strong Sell,3,Neutral
TKO,2024-05-22,B,3,Neutral,5,Strong Buy,1,Strong Sell,2,Sell,4,Buy,1,Strong Sell,3,Neutral
TKO,2024-05-21,B,3,Neutral,5,Strong Buy,1,Strong Sell,2,Sell,4,Buy,1,Strong Sell,3,Neutral
TKO,2024-05-20,B,3,Neutral,5,Strong Buy,1,Strong Sell,2,Sell,4,Buy,1,Strong Sell,3,Neutral
TKO,2024-05-17,B,3,Neutral,5,Strong Buy,1,Strong Sell,2,Sell,4,Buy,1,Strong Sell,3,Neutral
TKO,2024-05-16,B,3,Neutral,5,Strong Buy,1,Strong Sell,2,Sell,4,Buy,1,Strong Sell,3,Neutral
TKO,2024-05-15,B,3,Neutral,5,Strong Buy,1,Strong Sell,2,Sell,4,Buy,1,Strong Sell,3,Neutral
TKO,2024-05-14,B,3,Neutral,5,Strong Buy,1,Strong Sell,2,Sell,4,Buy,1,Strong Sell,3,Neutral
TKO,2024-05-13,B,3,Neutral,5,Strong Buy,1,Strong Sell,2,Sell,4,Buy,1,Strong Sell,3,Neutral
TKO,2024-05-10,B,3,Neutral,5,Strong Buy,1,Strong Sell,2,Sell,4,Buy,1,Strong Sell,3,Neutral
TKO,2024-05-09,B,3,Neutral,5,Strong Buy,2,Sell,2,Sell,4,Buy,1,Strong Sell,3,Neutral
TKO,2024-05-08,B,3,Neutral,5,Strong Buy,2,Sell,2,Sell,4,Buy,1,Strong Sell,3,Neutral
TKO,2024-05-07,B,3,Neutral,5,Strong Buy,2,Sell,2,Sell,4,Buy,1,Strong Sell,3,Neutral
TKO,2024-05-06,B,3,Neutral,5,Strong Buy,2,Sell,2,Sell,4,Buy,1,Strong Sell,3,Neutral
TKO,2024-05-03,B,3,Neutral,5,Strong Buy,2,Sell,2,Sell,4,Buy,1,Strong Sell,3,Neutral
TKO,2024-05-02,B,3,Neutral,5,Strong Buy,2,Sell,2,Sell,4,Buy,1,Strong Sell,3,Neutral
TKO,2024-05-01,B,3,Neutral,5,Strong Buy,2,Sell,2,Sell,4,Buy,1,Strong Sell,3,Neutral
TKO,2024-04-30,B,3,Neutral,5,Strong Buy,2,Sell,2,Sell,4,Buy,1,Strong Sell,3,Neutral
TKO,2024-04-29,B,3,Neutral,5,Strong Buy,2,Sell,2,Sell,4,Buy,1,Strong Sell,3,Neutral
TKO,2024-04-26,B,3,Neutral,5,Strong Buy,2,Sell,2,Sell,4,Buy,1,Strong Sell,3,Neutral
TKO,2024-04-25,B,3,Neutral,5,Strong Buy,2,Sell,2,Sell,4,Buy,1,Strong Sell,3,Neutral
TKO,2024-04-24,B,3,Neutral,5,Strong Buy,2,Sell,2,Sell,4,Buy,1,Strong Sell,3,Neutral
TKO,2024-04-23,B,3,Neutral,5,Strong Buy,2,Sell,2,Sell,4,Buy,1,Strong Sell,3,Neutral
TKO,2024-04-22,B,3,Neutral,5,Strong Buy,2,Sell,2,Sell,4,Buy,1,Strong Sell,3,Neutral
TKO,2024-04-19,B+,3,Neutral,5,Strong Buy,2,Sell,3,Neutral,4,Buy,1,Strong Sell,3,Neutral
TKO,2024-04-18,B+,3,Neutral,5,Strong Buy,2,Sell,3,Neutral,4,Buy,1,Strong Sell,3,Neutral
TKO,2024-04-17,B+,3,Neutral,5,Strong Buy,2,Sell,3,Neutral,4,Buy,1,Strong Sell,3,Neutral
TKO,2024-04-16,B+,3,Neutral,5,Strong Buy,2,Sell,3,Neutral,4,Buy,1,Strong Sell,3,Neutral
TKO,2024-04-15,B+,3,Neutral,5,Strong Buy,2,Sell,3,Neutral,4,Buy,1,Strong Sell,3,Neutral
TKO,2024-04-12,B+,3,Neutral,5,Strong Buy,2,Sell,3,Neutral,4,Buy,1,Strong Sell,3,Neutral
TKO,2024-04-11,B+,3,Neutral,5,Strong Buy,2,Sell,3,Neutral,4,Buy,1,Strong Sell,3,Neutral
TKO,2024-04-10,B+,3,Neutral,5,Strong Buy,2,Sell,3,Neutral,4,Buy,1,Strong Sell,3,Neutral
TKO,2024-04-09,B+,3,Neutral,5,Strong Buy,2,Sell,3,Neutral,4,Buy,1,Strong Sell,3,Neutral
TKO,2024-04-08,B+,3,Neutral,5,Strong Buy,2,Sell,3,Neutral,4,Buy,1,Strong Sell,3,Neutral
TKO,2024-04-05,B+,3,Neutral,5,Strong Buy,2,Sell,3,Neutral,4,Buy,1,Strong Sell,4,Buy
TKO,2024-04-04,B+,3,Neutral,5,Strong Buy,2,Sell,3,Neutral,4,Buy,1,Strong Sell,4,Buy
TKO,2024-04-03,B+,3,Neutral,5,Strong Buy,2,Sell,3,Neutral,4,Buy,1,Strong Sell,4,Buy
TKO,2024-04-02,B+,3,Neutral,5,Strong Buy,2,Sell,3,Neutral,4,Buy,1,Strong Sell,4,Buy
TKO,2024-04-01,B+,3,Neutral,5,Strong Buy,2,Sell,3,Neutral,4,Buy,1,Strong Sell,4,Buy
TKO,2024-03-28,B+,3,Neutral,5,Strong Buy,2,Sell,2,Sell,4,Buy,1,Strong Sell,4,Buy
TKO,2024-03-27,B+,3,Neutral,5,Strong Buy,2,Sell,2,Sell,4,Buy,1,Strong Sell,4,Buy
TKO,2024-03-26,B+,3,Neutral,5,Strong Buy,2,Sell,2,Sell,4,Buy,1,Strong Sell,4,Buy
TKO,2024-03-25,B+,3,Neutral,5,Strong Buy,2,Sell,2,Sell,4,Buy,1,Strong Sell,4,Buy
TKO,2024-03-21,B+,3,Neutral,5,Strong Buy,2,Sell,2,Sell,4,Buy,1,Strong Sell,4,Buy
TKO,2024-03-20,B+,3,Neutral,5,Strong Buy,2,Sell,2,Sell,4,Buy,1,Strong Sell,4,Buy
TKO,2024-03-19,B+,3,Neutral,5,Strong Buy,2,Sell,2,Sell,4,Buy,1,Strong Sell,4,Buy
TKO,2024-03-18,B+,3,Neutral,5,Strong Buy,2,Sell,2,Sell,4,Buy,1,Strong Sell,4,Buy
TKO,2024-03-15,B+,3,Neutral,5,Strong Buy,2,Sell,2,Sell,4,Buy,1,Strong Sell,4,Buy
TKO,2024-03-14,B+,3,Neutral,5,Strong Buy,2,Sell,2,Sell,4,Buy,1,Strong Sell,4,Buy
TKO,2024-03-13,B+,3,Neutral,5,Strong Buy,2,Sell,2,Sell,4,Buy,1,Strong Sell,4,Buy
TKO,2024-03-12,B+,3,Neutral,5,Strong Buy,2,Sell,2,Sell,4,Buy,1,Strong Sell,4,Buy
TKO,2024-03-11,B+,3,Neutral,5,Strong Buy,2,Sell,2,Sell,4,Buy,1,Strong Sell,4,Buy
TKO,2024-03-07,A+,4,Buy,5,Strong Buy,3,Neutral,3,Neutral,4,Buy,5,Strong Buy,4,Buy
TKO,2024-03-06,A+,4,Buy,5,Strong Buy,3,Neutral,3,Neutral,4,Buy,5,Strong Buy,4,Buy
TKO,2024-03-05,A+,4,Buy,5,Strong Buy,3,Neutral,3,Neutral,4,Buy,5,Strong Buy,4,Buy
TKO,2024-03-04,A+,4,Buy,5,Strong Buy,3,Neutral,3,Neutral,4,Buy,5,Strong Buy,4,Buy
TKO,2024-03-01,A+,4,Buy,5,Strong Buy,3,Neutral,3,Neutral,4,Buy,5,Strong Buy,4,Buy
TKO,2024-02-29,A+,4,Buy,5,Strong Buy,3,Neutral,3,Neutral,4,Buy,5,Strong Buy,4,Buy
TKO,2024-02-28,A+,4,Buy,5,Strong Buy,3,Neutral,3,Neutral,4,Buy,5,Strong Buy,4,Buy
TKO,2024-02-27,A+,4,Buy,5,Strong Buy,3,Neutral,3,Neutral,4,Buy,5,Strong Buy,4,Buy
TKO,2024-02-26,A+,4,Buy,5,Strong Buy,3,Neutral,3,Neutral,4,Buy,5,Strong Buy,4,Buy
TKO,2024-02-23,A+,4,Buy,5,Strong Buy,3,Neutral,3,Neutral,4,Buy,5,Strong Buy,4,Buy
TKO,2024-02-22,A+,4,Buy,5,Strong Buy,3,Neutral,3,Neutral,4,Buy,5,Strong Buy,4,Buy
TKO,2024-02-21,A+,4,Buy,5,Strong Buy,3,Neutral,3,Neutral,4,Buy,5,Strong Buy,4,Buy
TKO,2024-02-20,A+,4,Buy,5,Strong Buy,3,Neutral,3,Neutral,4,Buy,5,Strong Buy,4,Buy
TKO,2024-02-16,A+,4,Buy,5,Strong Buy,3,Neutral,3,Neutral,4,Buy,5,Strong Buy,4,Buy
TKO,2024-02-15,A+,4,Buy,5,Strong Buy,3,Neutral,3,Neutral,4,Buy,5,Strong Buy,4,Buy
TKO,2024-02-14,A+,4,Buy,5,Strong Buy,3,Neutral,3,Neutral,4,Buy,5,Strong Buy,4,Buy
TKO,2024-02-13,A+,4,Buy,5,Strong Buy,3,Neutral,3,Neutral,4,Buy,5,Strong Buy,4,Buy
TKO,2024-02-12,A+,4,Buy,5,Strong Buy,3,Neutral,3,Neutral,4,Buy,5,Strong Buy,4,Buy
TKO,2024-02-09,A+,4,Buy,5,Strong Buy,3,Neutral,3,Neutral,4,Buy,5,Strong Buy,4,Buy
TKO,2024-02-08,A+,4,Buy,5,Strong Buy,3,Neutral,3,Neutral,4,Buy,5,Strong Buy,4,Buy
TKO,2024-02-07,A+,4,Buy,5,Strong Buy,3,Neutral,3,Neutral,4,Buy,5,Strong Buy,4,Buy
TKO,2024-02-06,A+,4,Buy,5,Strong Buy,3,Neutral,3,Neutral,4,Buy,5,Strong Buy,4,Buy
TKO,2024-02-05,A+,4,Buy,5,Strong Buy,3,Neutral,3,Neutral,4,Buy,5,Strong Buy,4,Buy
TKO,2024-02-02,A+,4,Buy,5,Strong Buy,3,Neutral,3,Neutral,4,Buy,5,Strong Buy,4,Buy
TKO,2024-02-01,A+,4,Buy,5,Strong Buy,3,Neutral,3,Neutral,4,Buy,5,Strong Buy,4,Buy
TKO,2024-01-31,A+,4,Buy,5,Strong Buy,3,Neutral,3,Neutral,4,Buy,5,Strong Buy,4,Buy
TKO,2024-01-30,A+,4,Buy,5,Strong Buy,3,Neutral,3,Neutral,4,Buy,5,Strong Buy,4,Buy
TKO,2024-01-29,A+,4,Buy,5,Strong Buy,3,Neutral,3,Neutral,4,Buy,5,Strong Buy,4,Buy
TKO,2024-01-26,A+,4,Buy,5,Strong Buy,3,Neutral,3,Neutral,4,Buy,5,Strong Buy,4,Buy
TKO,2024-01-25,A+,4,Buy,5,Strong Buy,3,Neutral,3,Neutral,4,Buy,5,Strong Buy,4,Buy
TKO,2024-01-24,A+,4,Buy,5,Strong Buy,3,Neutral,3,Neutral,4,Buy,5,Strong Buy,4,Buy
TKO,2024-01-23,A+,4,Buy,5,Strong Buy,3,Neutral,3,Neutral,4,Buy,5,Strong Buy,4,Buy
TKO,2024-01-22,A+,4,Buy,5,Strong Buy,3,Neutral,3,Neutral,4,Buy,5,Strong Buy,4,Buy
